email,user_name,password,state
101@gmail.com,David,david101,0
102@gmail.com,Otway,otway102,0
103@gmail.com,Jerry,jerry103,0
104@gmail.com,Luke,luke104,0
105@gmail.com,Jackson,jackson105,0
106@gmail.com,Daisy,daisy106,0
